ID,Distance,Layer,Type,Method
1,0.6125591601005204,conv1,WT,SaSD
1,0.8443027111969559,conv2,WT,SaSD
1,0.9703380334719521,dense1,WT,SaSD
1,0.8916960776526544,dense2,WT,SaSD
1,0.9697002315300447,dense3,WT,SaSD
2,0.6276842464112684,conv1,WT,SaSD
2,0.840283022889007,conv2,WT,SaSD
2,0.9701024466736913,dense1,WT,SaSD
2,0.8910967814654946,dense2,WT,SaSD
2,0.957838547802913,dense3,WT,SaSD
3,0.6258429887106357,conv1,WT,SaSD
3,0.850362739946116,conv2,WT,SaSD
3,0.9702500204437889,dense1,WT,SaSD
3,0.8921940353843667,dense2,WT,SaSD
3,0.963545134365803,dense3,WT,SaSD
4,0.6381131672147298,conv1,WT,SaSD
4,0.8413740053976486,conv2,WT,SaSD
4,0.9704613249592917,dense1,WT,SaSD
4,0.8918479504371506,dense2,WT,SaSD
4,0.9755404131597132,dense3,WT,SaSD
5,0.6169416010868216,conv1,WT,SaSD
5,0.8465804404917301,conv2,WT,SaSD
5,0.9700944694196291,dense1,WT,SaSD
5,0.891298573591691,dense2,WT,SaSD
5,0.974359600710484,dense3,WT,SaSD
6,0.6021454941606597,conv1,WT,SaSD
6,0.8429007150379662,conv2,WT,SaSD
6,0.9704300570715483,dense1,WT,SaSD
6,0.891916667642765,dense2,WT,SaSD
6,0.9722359710759273,dense3,WT,SaSD
7,0.6376043305464745,conv1,WT,SaSD
7,0.844183918604383,conv2,WT,SaSD
7,0.969698916845855,dense1,WT,SaSD
7,0.8924388531719565,dense2,WT,SaSD
7,0.9595860112545083,dense3,WT,SaSD
8,0.5730504368486905,conv1,WT,SaSD
8,0.8453240667092696,conv2,WT,SaSD
8,0.9703555911061474,dense1,WT,SaSD
8,0.8924185743577924,dense2,WT,SaSD
8,0.9612028703770369,dense3,WT,SaSD
9,0.6135930080438353,conv1,WT,SaSD
9,0.8460593791755677,conv2,WT,SaSD
9,0.9699062090429296,dense1,WT,SaSD
9,0.8921053774296415,dense2,WT,SaSD
9,0.9620559651408318,dense3,WT,SaSD
10,0.6417465708928799,conv1,WT,SaSD
10,0.8469083644158841,conv2,WT,SaSD
10,0.970302006771252,dense1,WT,SaSD
10,0.8941613747258534,dense2,WT,SaSD
10,0.9641886079516743,dense3,WT,SaSD
11,0.6030535691840839,conv1,WT,SaSD
11,0.8382345259557561,conv2,WT,SaSD
11,0.9703951938412715,dense1,WT,SaSD
11,0.8928693083829886,dense2,WT,SaSD
11,0.9557565933708456,dense3,WT,SaSD
12,0.6135584454862948,conv1,WT,SaSD
12,0.8463390592425791,conv2,WT,SaSD
12,0.9701139403190804,dense1,WT,SaSD
12,0.8928623678883938,dense2,WT,SaSD
12,0.9600994080736278,dense3,WT,SaSD
13,0.6231816054656127,conv1,WT,SaSD
13,0.8413776575085316,conv2,WT,SaSD
13,0.9702753402410813,dense1,WT,SaSD
13,0.8919142882215665,dense2,WT,SaSD
13,0.9632371764384782,dense3,WT,SaSD
14,0.6360354971852408,conv1,WT,SaSD
14,0.8434261498159585,conv2,WT,SaSD
14,0.9700564372284801,dense1,WT,SaSD
14,0.8917603417641481,dense2,WT,SaSD
14,0.9498821942724381,dense3,WT,SaSD
15,0.6041301720644552,conv1,WT,SaSD
15,0.8417587969472249,conv2,WT,SaSD
15,0.9700508029442112,dense1,WT,SaSD
15,0.8921689525130697,dense2,WT,SaSD
15,0.9693221262893912,dense3,WT,SaSD
16,0.6246651607175504,conv1,WT,SaSD
16,0.8461997747625813,conv2,WT,SaSD
16,0.9702948161428375,dense1,WT,SaSD
16,0.8912081567659416,dense2,WT,SaSD
16,0.9883037952022914,dense3,WT,SaSD
17,0.6256409389221889,conv1,WT,SaSD
17,0.8422289637972717,conv2,WT,SaSD
17,0.97012819903347,dense1,WT,SaSD
17,0.8919455644728007,dense2,WT,SaSD
17,0.9741797405307434,dense3,WT,SaSD
18,0.6049249093941189,conv1,WT,SaSD
18,0.8424688668224172,conv2,WT,SaSD
18,0.9702360773195551,dense1,WT,SaSD
18,0.8926784528901704,dense2,WT,SaSD
18,0.9739662676504782,dense3,WT,SaSD
19,0.6254240971956965,conv1,WT,SaSD
19,0.84339323611742,conv2,WT,SaSD
19,0.9705166956934295,dense1,WT,SaSD
19,0.8923342508729387,dense2,WT,SaSD
19,0.9693792475119152,dense3,WT,SaSD
20,0.6159045904565206,conv1,WT,SaSD
20,0.8417741590673882,conv2,WT,SaSD
20,0.9699582148918322,dense1,WT,SaSD
20,0.8943048758954829,dense2,WT,SaSD
20,0.9732511186292697,dense3,WT,SaSD
21,0.6158076987350884,conv1,WT,SaSD
21,0.8488812139750458,conv2,WT,SaSD
21,0.97030300177428,dense1,WT,SaSD
21,0.8945837820052498,dense2,WT,SaSD
21,0.981531279178338,dense3,WT,SaSD
22,0.6155913844363196,conv1,WT,SaSD
22,0.8451227372975588,conv2,WT,SaSD
22,0.970346106789711,dense1,WT,SaSD
22,0.8939208528904996,dense2,WT,SaSD
22,0.9706456850028944,dense3,WT,SaSD
23,0.6230583647089065,conv1,WT,SaSD
23,0.8464827266708977,conv2,WT,SaSD
23,0.9704077836555963,dense1,WT,SaSD
23,0.8929908623550803,dense2,WT,SaSD
23,0.9584079596116254,dense3,WT,SaSD
24,0.6269675445571585,conv1,WT,SaSD
24,0.8432330583226255,conv2,WT,SaSD
24,0.9698412688267236,dense1,WT,SaSD
24,0.8942028990257573,dense2,WT,SaSD
24,0.9445152520161446,dense3,WT,SaSD
25,0.5949730762309371,conv1,WT,SaSD
25,0.8432341712060882,conv2,WT,SaSD
25,0.9702061973858509,dense1,WT,SaSD
25,0.8918506712743917,dense2,WT,SaSD
25,0.9762226484796817,dense3,WT,SaSD
26,0.5784751328070794,conv1,WT,SaSD
26,0.8446090563140408,conv2,WT,SaSD
26,0.970217623443933,dense1,WT,SaSD
26,0.8937147549116965,dense2,WT,SaSD
26,0.9761338800841303,dense3,WT,SaSD
27,0.6516560921099669,conv1,WT,SaSD
27,0.84796801548005,conv2,WT,SaSD
27,0.9701349205386415,dense1,WT,SaSD
27,0.8920654754730277,dense2,WT,SaSD
27,0.9797114387114387,dense3,WT,SaSD
28,0.6005175673489093,conv1,WT,SaSD
28,0.8474460202511349,conv2,WT,SaSD
28,0.9703013702645349,dense1,WT,SaSD
28,0.892454688926994,dense2,WT,SaSD
28,0.9706469525262431,dense3,WT,SaSD
29,0.6241875477973824,conv1,WT,SaSD
29,0.8482927457080169,conv2,WT,SaSD
29,0.9702707433797875,dense1,WT,SaSD
29,0.8934099314290549,dense2,WT,SaSD
29,0.9731166056166056,dense3,WT,SaSD
30,0.6070796633411524,conv1,WT,SaSD
30,0.843414593010261,conv2,WT,SaSD
30,0.9700961052229194,dense1,WT,SaSD
30,0.8931110452289631,dense2,WT,SaSD
30,0.9652447655865606,dense3,WT,SaSD
31,0.7066563185588921,conv1,random,SaSD
31,0.8710406645115897,conv2,random,SaSD
31,0.96962199919729,dense1,random,SaSD
31,0.8940252195084977,dense2,random,SaSD
31,0.9811957443468028,dense3,random,SaSD
32,0.7069357802124345,conv1,random,SaSD
32,0.8717093940348333,conv2,random,SaSD
32,0.9696658056762868,dense1,random,SaSD
32,0.8959438650127187,dense2,random,SaSD
32,0.9770863521883243,dense3,random,SaSD
33,0.7061557340739326,conv1,random,SaSD
33,0.8710230067599183,conv2,random,SaSD
33,0.9696445802737947,dense1,random,SaSD
33,0.893332063360208,dense2,random,SaSD
33,0.9740242883142975,dense3,random,SaSD
34,0.705738135689882,conv1,random,SaSD
34,0.8704148352926717,conv2,random,SaSD
34,0.9695709705643776,dense1,random,SaSD
34,0.8926062358770532,dense2,random,SaSD
34,0.9811907516308362,dense3,random,SaSD
35,0.7041278224672429,conv1,random,SaSD
35,0.8713986636739968,conv2,random,SaSD
35,0.9697121264838762,dense1,random,SaSD
35,0.8948389709271154,dense2,random,SaSD
35,0.9885446848829389,dense3,random,SaSD
36,0.7208051560877847,conv1,random,SaSD
36,0.8705201871265068,conv2,random,SaSD
36,0.9696518209631257,dense1,random,SaSD
36,0.8924265734959056,dense2,random,SaSD
36,0.9629650836202286,dense3,random,SaSD
37,0.7132254642824496,conv1,random,SaSD
37,0.8697273954085702,conv2,random,SaSD
37,0.9697056915659455,dense1,random,SaSD
37,0.8942504796648746,dense2,random,SaSD
37,0.975990972851438,dense3,random,SaSD
38,0.7107342935353046,conv1,random,SaSD
38,0.8716349676879339,conv2,random,SaSD
38,0.9696705663503284,dense1,random,SaSD
38,0.8964432502934626,dense2,random,SaSD
38,0.9904101995565409,dense3,random,SaSD
39,0.712183917894541,conv1,random,SaSD
39,0.8717572902341175,conv2,random,SaSD
39,0.9696104195099564,dense1,random,SaSD
39,0.8941238957346823,dense2,random,SaSD
39,0.9647305207579564,dense3,random,SaSD
40,0.7049186936939694,conv1,random,SaSD
40,0.8697518750958193,conv2,random,SaSD
40,0.9697089804596284,dense1,random,SaSD
40,0.8940624976304994,dense2,random,SaSD
40,0.9760375627370959,dense3,random,SaSD
41,0.7003389188936064,conv1,random,SaSD
41,0.870831623585453,conv2,random,SaSD
41,0.969498964297735,dense1,random,SaSD
41,0.8946469740769237,dense2,random,SaSD
41,0.9758840623991558,dense3,random,SaSD
42,0.7038527342755283,conv1,random,SaSD
42,0.8718474903146209,conv2,random,SaSD
42,0.9696581410124131,dense1,random,SaSD
42,0.893876452612542,dense2,random,SaSD
42,0.9794332620948841,dense3,random,SaSD
43,0.7046109034396331,conv1,random,SaSD
43,0.8716383588208196,conv2,random,SaSD
43,0.9695826044643872,dense1,random,SaSD
43,0.8933459210857255,dense2,random,SaSD
43,0.9763545464758809,dense3,random,SaSD
44,0.7192927209126658,conv1,random,SaSD
44,0.8713402695714247,conv2,random,SaSD
44,0.9696449531357099,dense1,random,SaSD
44,0.8935555252832218,dense2,random,SaSD
44,0.9853723851118282,dense3,random,SaSD
45,0.7004024991042455,conv1,random,SaSD
45,0.8709296365677819,conv2,random,SaSD
45,0.969619245696692,dense1,random,SaSD
45,0.8944318790041201,dense2,random,SaSD
45,0.9869984779673947,dense3,random,SaSD
46,0.714895864195037,conv1,random,SaSD
46,0.8699123732242748,conv2,random,SaSD
46,0.9696329958079961,dense1,random,SaSD
46,0.8939052437747603,dense2,random,SaSD
46,0.9792629330725833,dense3,random,SaSD
47,0.6927796322587586,conv1,random,SaSD
47,0.871590067301685,conv2,random,SaSD
47,0.9696900377739469,dense1,random,SaSD
47,0.8938297138257887,dense2,random,SaSD
47,0.9571883753501401,dense3,random,SaSD
48,0.7118854476330773,conv1,random,SaSD
48,0.8706598527902214,conv2,random,SaSD
48,0.9694948552963971,dense1,random,SaSD
48,0.8934844715692296,dense2,random,SaSD
48,0.9837940013950244,dense3,random,SaSD
49,0.7075993190568461,conv1,random,SaSD
49,0.8699318299038286,conv2,random,SaSD
49,0.9696019488445062,dense1,random,SaSD
49,0.8940717009158159,dense2,random,SaSD
49,0.9822515813342882,dense3,random,SaSD
50,0.7014131709014884,conv1,random,SaSD
50,0.8716392324003457,conv2,random,SaSD
50,0.9696885890823024,dense1,random,SaSD
50,0.8949502172851376,dense2,random,SaSD
50,0.9835760062057716,dense3,random,SaSD
51,0.7047852204501295,conv1,random,SaSD
51,0.8706056093728727,conv2,random,SaSD
51,0.9696540847675021,dense1,random,SaSD
51,0.8945497495185779,dense2,random,SaSD
51,0.9738646939622548,dense3,random,SaSD
52,0.7067246453505645,conv1,random,SaSD
52,0.8704877136428548,conv2,random,SaSD
52,0.969581037221073,dense1,random,SaSD
52,0.8957754108119296,dense2,random,SaSD
52,0.958239692638189,dense3,random,SaSD
53,0.7104945580359183,conv1,random,SaSD
53,0.870802947118286,conv2,random,SaSD
53,0.9696158062441889,dense1,random,SaSD
53,0.8944547340173946,dense2,random,SaSD
53,0.9886861861861862,dense3,random,SaSD
54,0.6942655039507062,conv1,random,SaSD
54,0.8714331965449849,conv2,random,SaSD
54,0.9694457836426036,dense1,random,SaSD
54,0.8938218058910121,dense2,random,SaSD
54,0.9786987677841639,dense3,random,SaSD
55,0.699205412481825,conv1,random,SaSD
55,0.8700908446654922,conv2,random,SaSD
55,0.9695660701009869,dense1,random,SaSD
55,0.8933443129373662,dense2,random,SaSD
55,0.9757510765288699,dense3,random,SaSD
56,0.7067190217816669,conv1,random,SaSD
56,0.8703460027306907,conv2,random,SaSD
56,0.9694641546898912,dense1,random,SaSD
56,0.8956355174002697,dense2,random,SaSD
56,0.9771129960252024,dense3,random,SaSD
57,0.7116621187737915,conv1,random,SaSD
57,0.8700947195850919,conv2,random,SaSD
57,0.969581410322611,dense1,random,SaSD
57,0.8943012587472592,dense2,random,SaSD
57,0.9796098901098901,dense3,random,SaSD
58,0.7077774277343744,conv1,random,SaSD
58,0.8711508437672101,conv2,random,SaSD
58,0.9696236575412573,dense1,random,SaSD
58,0.8940309200184082,dense2,random,SaSD
58,0.9788915541822518,dense3,random,SaSD
59,0.7112942285397781,conv1,random,SaSD
59,0.8716063100987714,conv2,random,SaSD
59,0.9695409884647191,dense1,random,SaSD
59,0.894897047199003,dense2,random,SaSD
59,0.9860953177257524,dense3,random,SaSD
60,0.6968047215646626,conv1,random,SaSD
60,0.8708634075984161,conv2,random,SaSD
60,0.9696562545565648,dense1,random,SaSD
60,0.8945452644507064,dense2,random,SaSD
60,0.9809183463595229,dense3,random,SaSD
61,0.7155388983973543,conv1,mixed,SaSD
61,0.8707037718342927,conv2,mixed,SaSD
61,0.9705884921961974,dense1,mixed,SaSD
61,0.8953528402423745,dense2,mixed,SaSD
61,0.978834329935742,dense3,mixed,SaSD
62,0.7156830000682797,conv1,mixed,SaSD
62,0.8734758709116712,conv2,mixed,SaSD
62,0.9707017343485742,dense1,mixed,SaSD
62,0.8937662673998392,dense2,mixed,SaSD
62,0.9810634434318646,dense3,mixed,SaSD
63,0.7371139073344956,conv1,mixed,SaSD
63,0.8722133240146198,conv2,mixed,SaSD
63,0.9706331016065806,dense1,mixed,SaSD
63,0.8969314522836831,dense2,mixed,SaSD
63,0.975715737514518,dense3,mixed,SaSD
64,0.7249307340674891,conv1,mixed,SaSD
64,0.8721768943706717,conv2,mixed,SaSD
64,0.970578991749715,dense1,mixed,SaSD
64,0.8943436285651516,dense2,mixed,SaSD
64,0.9856041915464729,dense3,mixed,SaSD
65,0.7205344300817647,conv1,mixed,SaSD
65,0.87276539779787,conv2,mixed,SaSD
65,0.9706435943984064,dense1,mixed,SaSD
65,0.89575265912349,dense2,mixed,SaSD
65,0.9710332559927096,dense3,mixed,SaSD
66,0.7109586802033107,conv1,mixed,SaSD
66,0.8731352681258817,conv2,mixed,SaSD
66,0.9706248426282267,dense1,mixed,SaSD
66,0.8963215767811683,dense2,mixed,SaSD
66,0.9862384823848238,dense3,mixed,SaSD
67,0.7219711981049781,conv1,mixed,SaSD
67,0.8717322931159137,conv2,mixed,SaSD
67,0.9707350041190438,dense1,mixed,SaSD
67,0.8956974918405917,dense2,mixed,SaSD
67,0.9881131019036953,dense3,mixed,SaSD
68,0.7318990064587976,conv1,mixed,SaSD
68,0.8726293264838141,conv2,mixed,SaSD
68,0.9705774918416081,dense1,mixed,SaSD
68,0.8959161472133046,dense2,mixed,SaSD
68,0.9716643956955829,dense3,mixed,SaSD
69,0.7297870353706751,conv1,mixed,SaSD
69,0.8736950750162165,conv2,mixed,SaSD
69,0.9705830968613993,dense1,mixed,SaSD
69,0.8934402527027356,dense2,mixed,SaSD
69,0.9670467521930937,dense3,mixed,SaSD
70,0.7156110521610957,conv1,mixed,SaSD
70,0.8732922592999492,conv2,mixed,SaSD
70,0.9706683308193,dense1,mixed,SaSD
70,0.8949121060277596,dense2,mixed,SaSD
70,0.9823037224867889,dense3,mixed,SaSD
71,0.7185563346880588,conv1,mixed,SaSD
71,0.8711097667826742,conv2,mixed,SaSD
71,0.9707004406427746,dense1,mixed,SaSD
71,0.8937012436315169,dense2,mixed,SaSD
71,0.9765027236538865,dense3,mixed,SaSD
72,0.719874654244212,conv1,mixed,SaSD
72,0.8706993304745944,conv2,mixed,SaSD
72,0.9705450769139656,dense1,mixed,SaSD
72,0.8959045995577344,dense2,mixed,SaSD
72,0.9631229314444683,dense3,mixed,SaSD
73,0.7137675499058046,conv1,mixed,SaSD
73,0.8744954441324453,conv2,mixed,SaSD
73,0.9704992288607142,dense1,mixed,SaSD
73,0.8949025421733643,dense2,mixed,SaSD
73,0.9708914883359843,dense3,mixed,SaSD
74,0.7217662342414422,conv1,mixed,SaSD
74,0.8716985607014529,conv2,mixed,SaSD
74,0.9705760609220081,dense1,mixed,SaSD
74,0.895040882091376,dense2,mixed,SaSD
74,0.9755582025859961,dense3,mixed,SaSD
75,0.7317912254154514,conv1,mixed,SaSD
75,0.8719819831347793,conv2,mixed,SaSD
75,0.9704354500936159,dense1,mixed,SaSD
75,0.8953103669599918,dense2,mixed,SaSD
75,0.9715905494314552,dense3,mixed,SaSD
76,0.7231448417799522,conv1,mixed,SaSD
76,0.8726962400174528,conv2,mixed,SaSD
76,0.9707755916647348,dense1,mixed,SaSD
76,0.8957161900591732,dense2,mixed,SaSD
76,0.9849649263781501,dense3,mixed,SaSD
77,0.7094782676366462,conv1,mixed,SaSD
77,0.8712630764799243,conv2,mixed,SaSD
77,0.9705845147905886,dense1,mixed,SaSD
77,0.8962743263404591,dense2,mixed,SaSD
77,0.9856324898654808,dense3,mixed,SaSD
78,0.722559740861671,conv1,mixed,SaSD
78,0.8731932906008386,conv2,mixed,SaSD
78,0.9706836244754238,dense1,mixed,SaSD
78,0.8948937961905096,dense2,mixed,SaSD
78,0.9830107244856328,dense3,mixed,SaSD
79,0.7269459704946112,conv1,mixed,SaSD
79,0.8716298028302165,conv2,mixed,SaSD
79,0.9705391610365813,dense1,mixed,SaSD
79,0.8962038082634662,dense2,mixed,SaSD
79,0.9781742487183402,dense3,mixed,SaSD
80,0.7187145638777073,conv1,mixed,SaSD
80,0.871316115793993,conv2,mixed,SaSD
80,0.9706971037012331,dense1,mixed,SaSD
80,0.8944990677580492,dense2,mixed,SaSD
80,0.9741693558117897,dense3,mixed,SaSD
81,0.7049042641359543,conv1,mixed,SaSD
81,0.8735755228905823,conv2,mixed,SaSD
81,0.9704469550642133,dense1,mixed,SaSD
81,0.8938116310406302,dense2,mixed,SaSD
81,0.983288334472545,dense3,mixed,SaSD
82,0.7252587714250833,conv1,mixed,SaSD
82,0.8727358154094788,conv2,mixed,SaSD
82,0.9704139342264612,dense1,mixed,SaSD
82,0.8965534923122754,dense2,mixed,SaSD
82,0.9809962376488279,dense3,mixed,SaSD
83,0.7313537843923148,conv1,mixed,SaSD
83,0.8714698074882676,conv2,mixed,SaSD
83,0.9703947976367189,dense1,mixed,SaSD
83,0.8957515052245709,dense2,mixed,SaSD
83,0.9759288857844899,dense3,mixed,SaSD
84,0.72399053421209,conv1,mixed,SaSD
84,0.8717163565960934,conv2,mixed,SaSD
84,0.9703589978296292,dense1,mixed,SaSD
84,0.895414366213068,dense2,mixed,SaSD
84,0.9785912110482948,dense3,mixed,SaSD
85,0.723677684396894,conv1,mixed,SaSD
85,0.8727706720328683,conv2,mixed,SaSD
85,0.9705266943781794,dense1,mixed,SaSD
85,0.895272195853053,dense2,mixed,SaSD
85,0.9876061901061901,dense3,mixed,SaSD
86,0.7180842345890479,conv1,mixed,SaSD
86,0.8742587140139297,conv2,mixed,SaSD
86,0.9705021051626801,dense1,mixed,SaSD
86,0.8943063155735647,dense2,mixed,SaSD
86,0.9651524516336568,dense3,mixed,SaSD
87,0.7223453589431724,conv1,mixed,SaSD
87,0.8722088699343742,conv2,mixed,SaSD
87,0.9704425567477244,dense1,mixed,SaSD
87,0.8954229111413265,dense2,mixed,SaSD
87,0.9699565630525866,dense3,mixed,SaSD
88,0.7255786772137391,conv1,mixed,SaSD
88,0.8729308418961009,conv2,mixed,SaSD
88,0.9703191735529415,dense1,mixed,SaSD
88,0.8951672825179476,dense2,mixed,SaSD
88,0.9738519813519814,dense3,mixed,SaSD
89,0.7100825989268085,conv1,mixed,SaSD
89,0.8723554939749867,conv2,mixed,SaSD
89,0.9706288994749932,dense1,mixed,SaSD
89,0.8955227188530597,dense2,mixed,SaSD
89,0.9730781653622547,dense3,mixed,SaSD
90,0.7207474173841725,conv1,mixed,SaSD
90,0.8720940278424599,conv2,mixed,SaSD
90,0.9706203274722985,dense1,mixed,SaSD
90,0.8946856602109831,dense2,mixed,SaSD
90,0.980557322964534,dense3,mixed,SaSD
91,0.5455765359028226,conv1,WT,NNSTD
91,0.7566526943135223,conv2,WT,NNSTD
91,0.9447206557396888,dense1,WT,NNSTD
91,0.8440025515518165,dense2,WT,NNSTD
91,0.9416441270517544,dense3,WT,NNSTD
92,0.5572025987696944,conv1,WT,NNSTD
92,0.7625032659278658,conv2,WT,NNSTD
92,0.9451817324458776,dense1,WT,NNSTD
92,0.8485116106331927,dense2,WT,NNSTD
92,0.9367762426991069,dense3,WT,NNSTD
93,0.5792066045168067,conv1,WT,NNSTD
93,0.7582857637377679,conv2,WT,NNSTD
93,0.9461981008885819,dense1,WT,NNSTD
93,0.8485582415373956,dense2,WT,NNSTD
93,0.9446932699046593,dense3,WT,NNSTD
94,0.5177944374865331,conv1,WT,NNSTD
94,0.7599929043157101,conv2,WT,NNSTD
94,0.94572783496885,dense1,WT,NNSTD
94,0.8456590911627085,dense2,WT,NNSTD
94,0.9571243542582598,dense3,WT,NNSTD
95,0.5611843668484293,conv1,WT,NNSTD
95,0.7548071438599685,conv2,WT,NNSTD
95,0.94541063830213945,dense1,WT,NNSTD
95,0.8449226149777684,dense2,WT,NNSTD
95,0.9590605028938445,dense3,WT,NNSTD
96,0.5288814930473937,conv1,WT,NNSTD
96,0.7595003901684431,conv2,WT,NNSTD
96,0.945748697939168,dense1,WT,NNSTD
96,0.8470588900684365,dense2,WT,NNSTD
96,0.9554109272240469,dense3,WT,NNSTD
97,0.5109102741111013,conv1,WT,NNSTD
97,0.7596682883742498,conv2,WT,NNSTD
97,0.9455681986959378,dense1,WT,NNSTD
97,0.8471935291900334,dense2,WT,NNSTD
97,0.9462319107141564,dense3,WT,NNSTD
98,0.5658978608197358,conv1,WT,NNSTD
98,0.7617964442256255,conv2,WT,NNSTD
98,0.9447114267847085,dense1,WT,NNSTD
98,0.8472984954623153,dense2,WT,NNSTD
98,0.9482476641969761,dense3,WT,NNSTD
99,0.5396764311056591,conv1,WT,NNSTD
99,0.7622441640666989,conv2,WT,NNSTD
99,0.9446291928918099,dense1,WT,NNSTD
99,0.8450910926023747,dense2,WT,NNSTD
99,0.9460431542343984,dense3,WT,NNSTD
100,0.5692069343034416,conv1,WT,NNSTD
100,0.7567597194921213,conv2,WT,NNSTD
100,0.9452909583308957,dense1,WT,NNSTD
100,0.8493527964732724,dense2,WT,NNSTD
100,0.9624837893991216,dense3,WT,NNSTD
101,0.5514343641260484,conv1,WT,NNSTD
101,0.7581574290691034,conv2,WT,NNSTD
101,0.9447850205982655,dense1,WT,NNSTD
101,0.8495368218001575,dense2,WT,NNSTD
101,0.9410382462708045,dense3,WT,NNSTD
102,0.5744153491202639,conv1,WT,NNSTD
102,0.7620018637722357,conv2,WT,NNSTD
102,0.945582184377906,dense1,WT,NNSTD
102,0.8476554295362906,dense2,WT,NNSTD
102,0.947618170652602,dense3,WT,NNSTD
103,0.5764901815912845,conv1,WT,NNSTD
103,0.7560292534387612,conv2,WT,NNSTD
103,0.945506061923115,dense1,WT,NNSTD
103,0.8440614927079669,dense2,WT,NNSTD
103,0.9524921530726086,dense3,WT,NNSTD
104,0.5286921156866009,conv1,WT,NNSTD
104,0.7631956348297431,conv2,WT,NNSTD
104,0.9455469415696155,dense1,WT,NNSTD
104,0.8483179238331726,dense2,WT,NNSTD
104,0.9500377846790891,dense3,WT,NNSTD
105,0.5547314710143658,conv1,WT,NNSTD
105,0.7624330798674737,conv2,WT,NNSTD
105,0.945979179779352,dense1,WT,NNSTD
105,0.8486460646175185,dense2,WT,NNSTD
105,0.9449762012521854,dense3,WT,NNSTD
106,0.5545481747113181,conv1,WT,NNSTD
106,0.7582129635293313,conv2,WT,NNSTD
106,0.945466871888589,dense1,WT,NNSTD
106,0.847328551507636,dense2,WT,NNSTD
106,0.9401562763602204,dense3,WT,NNSTD
107,0.5426997877020856,conv1,WT,NNSTD
107,0.760487137169919,conv2,WT,NNSTD
107,0.945280823886157,dense1,WT,NNSTD
107,0.8463549237921589,dense2,WT,NNSTD
107,0.9456799777979074,dense3,WT,NNSTD
108,0.5600337315870404,conv1,WT,NNSTD
108,0.7607866825953029,conv2,WT,NNSTD
108,0.9451651393964406,dense1,WT,NNSTD
108,0.8459223455746769,dense2,WT,NNSTD
108,0.9339687360204078,dense3,WT,NNSTD
109,0.5525224545674914,conv1,WT,NNSTD
109,0.7610769444873325,conv2,WT,NNSTD
109,0.9457408377540868,dense1,WT,NNSTD
109,0.847292696984858,dense2,WT,NNSTD
109,0.940177172314207,dense3,WT,NNSTD
110,0.5703608457514707,conv1,WT,NNSTD
110,0.7694197008382531,conv2,WT,NNSTD
110,0.9458826526161921,dense1,WT,NNSTD
110,0.8468548947021967,dense2,WT,NNSTD
110,0.940921219051176,dense3,WT,NNSTD
111,0.5604894365234439,conv1,WT,NNSTD
111,0.7600322524192631,conv2,WT,NNSTD
111,0.945294915653534,dense1,WT,NNSTD
111,0.8464087327219045,dense2,WT,NNSTD
111,0.9314511145135512,dense3,WT,NNSTD
112,0.530677334307849,conv1,WT,NNSTD
112,0.7625242586687981,conv2,WT,NNSTD
112,0.9461947241518361,dense1,WT,NNSTD
112,0.8471948983578748,dense2,WT,NNSTD
112,0.9542878207012893,dense3,WT,NNSTD
113,0.5528605789635201,conv1,WT,NNSTD
113,0.755206421244194,conv2,WT,NNSTD
113,0.9456072897812706,dense1,WT,NNSTD
113,0.8462691007024439,dense2,WT,NNSTD
113,0.9232399063313558,dense3,WT,NNSTD
114,0.5477762446397556,conv1,WT,NNSTD
114,0.7560392178413613,conv2,WT,NNSTD
114,0.9452901608755734,dense1,WT,NNSTD
114,0.8473187734185379,dense2,WT,NNSTD
114,0.9645528834156654,dense3,WT,NNSTD
115,0.5279056140958714,conv1,WT,NNSTD
115,0.761557166905627,conv2,WT,NNSTD
115,0.9446948430896271,dense1,WT,NNSTD
115,0.8471487581847308,dense2,WT,NNSTD
115,0.953428741766977,dense3,WT,NNSTD
116,0.560132542399014,conv1,WT,NNSTD
116,0.7630004134463997,conv2,WT,NNSTD
116,0.9455241002833622,dense1,WT,NNSTD
116,0.8467177165226052,dense2,WT,NNSTD
116,0.9606075775136421,dense3,WT,NNSTD
117,0.545796259755359,conv1,WT,NNSTD
117,0.7668260825217887,conv2,WT,NNSTD
117,0.9460763197672017,dense1,WT,NNSTD
117,0.8463761063877119,dense2,WT,NNSTD
117,0.9376320892362857,dense3,WT,NNSTD
118,0.4964272341328262,conv1,WT,NNSTD
118,0.7641263342774938,conv2,WT,NNSTD
118,0.9455730782953913,dense1,WT,NNSTD
118,0.8442278517566928,dense2,WT,NNSTD
118,0.9471652322945647,dense3,WT,NNSTD
119,0.5644796075366412,conv1,WT,NNSTD
119,0.7621459706696354,conv2,WT,NNSTD
119,0.9454593075226443,dense1,WT,NNSTD
119,0.8466596625617563,dense2,WT,NNSTD
119,0.9376516130565307,dense3,WT,NNSTD
120,0.5420262098099269,conv1,WT,NNSTD
120,0.7643687471532631,conv2,WT,NNSTD
120,0.9449865633572476,dense1,WT,NNSTD
120,0.8470425757649707,dense2,WT,NNSTD
120,0.9316876140674765,dense3,WT,NNSTD
121,0.5592054213147962,conv1,random,NNSTD
121,0.7710876780093642,conv2,random,NNSTD
121,0.944247554892967,dense1,random,NNSTD
121,0.846572111033318,dense2,random,NNSTD
121,0.9522506363997774,dense3,random,NNSTD
122,0.5696558284551705,conv1,random,NNSTD
122,0.7687857943886309,conv2,random,NNSTD
122,0.9444514924611621,dense1,random,NNSTD
122,0.8468356603043473,dense2,random,NNSTD
122,0.9628253693014889,dense3,random,NNSTD
123,0.5787028076090576,conv1,random,NNSTD
123,0.7685037892634698,conv2,random,NNSTD
123,0.9441783077822187,dense1,random,NNSTD
123,0.8461909060898833,dense2,random,NNSTD
123,0.9553077094540509,dense3,random,NNSTD
124,0.5666487211028135,conv1,random,NNSTD
124,0.7677237670860471,conv2,random,NNSTD
124,0.9441816028014909,dense1,random,NNSTD
124,0.8459771471076627,dense2,random,NNSTD
124,0.955228461833111,dense3,random,NNSTD
125,0.5531004190356212,conv1,random,NNSTD
125,0.7674104596116051,conv2,random,NNSTD
125,0.9442460091345595,dense1,random,NNSTD
125,0.8461322650912165,dense2,random,NNSTD
125,0.9563930930394345,dense3,random,NNSTD
126,0.5552795282230025,conv1,random,NNSTD
126,0.7679596424408369,conv2,random,NNSTD
126,0.9441799425703852,dense1,random,NNSTD
126,0.8490214565969065,dense2,random,NNSTD
126,0.9552190193360289,dense3,random,NNSTD
127,0.5705463858037387,conv1,random,NNSTD
127,0.7691252533491162,conv2,random,NNSTD
127,0.9444190821674459,dense1,random,NNSTD
127,0.8476865358896128,dense2,random,NNSTD
127,0.9595226478057537,dense3,random,NNSTD
128,0.5837891759996539,conv1,random,NNSTD
128,0.7683788226451097,conv2,random,NNSTD
128,0.9443338990397139,dense1,random,NNSTD
128,0.8469648710791042,dense2,random,NNSTD
128,0.9507389247948899,dense3,random,NNSTD
129,0.574380175839275,conv1,random,NNSTD
129,0.7686847420839559,conv2,random,NNSTD
129,0.9443680186010105,dense1,random,NNSTD
129,0.8463516888170326,dense2,random,NNSTD
129,0.9534372831736289,dense3,random,NNSTD
130,0.57387722188963,conv1,random,NNSTD
130,0.769260348050925,conv2,random,NNSTD
130,0.9443518935922026,dense1,random,NNSTD
130,0.8494924737220212,dense2,random,NNSTD
130,0.9617642439604841,dense3,random,NNSTD
131,0.5722800624110367,conv1,random,NNSTD
131,0.7669148245816555,conv2,random,NNSTD
131,0.9443560516541067,dense1,random,NNSTD
131,0.8490805145991287,dense2,random,NNSTD
131,0.9513480018220131,dense3,random,NNSTD
132,0.5821997663794538,conv1,random,NNSTD
132,0.7686350964043529,conv2,random,NNSTD
132,0.9441493084830892,dense1,random,NNSTD
132,0.8478130055947415,dense2,random,NNSTD
132,0.9486318621033671,dense3,random,NNSTD
133,0.5665874107510137,conv1,random,NNSTD
133,0.7698537954771164,conv2,random,NNSTD
133,0.9442293170709836,dense1,random,NNSTD
133,0.8485046152744861,dense2,random,NNSTD
133,0.9558080012559366,dense3,random,NNSTD
134,0.5809236974218591,conv1,random,NNSTD
134,0.7687432425564036,conv2,random,NNSTD
134,0.9444608724620931,dense1,random,NNSTD
134,0.8465967682369673,dense2,random,NNSTD
134,0.9651007056594398,dense3,random,NNSTD
135,0.567540466069878,conv1,random,NNSTD
135,0.7665993661482132,conv2,random,NNSTD
135,0.9444073895319547,dense1,random,NNSTD
135,0.8485427195173573,dense2,random,NNSTD
135,0.9597026410255433,dense3,random,NNSTD
136,0.5736514863812658,conv1,random,NNSTD
136,0.7672943978183178,conv2,random,NNSTD
136,0.9443060110699824,dense1,random,NNSTD
136,0.8448256743758384,dense2,random,NNSTD
136,0.962954239325615,dense3,random,NNSTD
137,0.5799664528180153,conv1,random,NNSTD
137,0.7675661183628752,conv2,random,NNSTD
137,0.9441666897236951,dense1,random,NNSTD
137,0.8462170852657953,dense2,random,NNSTD
137,0.9697735404287039,dense3,random,NNSTD
138,0.5774564156227758,conv1,random,NNSTD
138,0.7678931416662795,conv2,random,NNSTD
138,0.9441420301882466,dense1,random,NNSTD
138,0.848686170655218,dense2,random,NNSTD
138,0.9542267048855196,dense3,random,NNSTD
139,0.5767000862806784,conv1,random,NNSTD
139,0.7686226548308488,conv2,random,NNSTD
139,0.9444436285350131,dense1,random,NNSTD
139,0.8476801083899976,dense2,random,NNSTD
139,0.9637768764439665,dense3,random,NNSTD
140,0.5678056101884228,conv1,random,NNSTD
140,0.7683998929924488,conv2,random,NNSTD
140,0.9443101473985915,dense1,random,NNSTD
140,0.8472918390074906,dense2,random,NNSTD
140,0.9350851646047484,dense3,random,NNSTD
141,0.5759617986180485,conv1,random,NNSTD
141,0.7700039372305594,conv2,random,NNSTD
141,0.9442964019978217,dense1,random,NNSTD
141,0.8481887866635165,dense2,random,NNSTD
141,0.9588550220013634,dense3,random,NNSTD
142,0.5768421899281275,conv1,random,NNSTD
142,0.7702478610530337,conv2,random,NNSTD
142,0.9442910917554898,dense1,random,NNSTD
142,0.8488173690847729,dense2,random,NNSTD
142,0.9555769890014656,dense3,random,NNSTD
143,0.5649325781448944,conv1,random,NNSTD
143,0.7702798088061271,conv2,random,NNSTD
143,0.9443096226891733,dense1,random,NNSTD
143,0.8475261244953755,dense2,random,NNSTD
143,0.9605544772796092,dense3,random,NNSTD
144,0.5614594823579198,conv1,random,NNSTD
144,0.7676250225363583,conv2,random,NNSTD
144,0.9443866206563212,dense1,random,NNSTD
144,0.8463800017851982,dense2,random,NNSTD
144,0.978031042128603,dense3,random,NNSTD
145,0.5723290164696415,conv1,random,NNSTD
145,0.7694228281072937,conv2,random,NNSTD
145,0.9441851668265484,dense1,random,NNSTD
145,0.8456798965303398,dense2,random,NNSTD
145,0.9449022464423257,dense3,random,NNSTD
146,0.5771057845851044,conv1,random,NNSTD
146,0.7679353502004367,conv2,random,NNSTD
146,0.9441851755497209,dense1,random,NNSTD
146,0.8463983973778256,dense2,random,NNSTD
146,0.9686769632532833,dense3,random,NNSTD
147,0.5851986631628175,conv1,random,NNSTD
147,0.7698810774908937,conv2,random,NNSTD
147,0.9442416399823739,dense1,random,NNSTD
147,0.8479601482496952,dense2,random,NNSTD
147,0.9623687866684358,dense3,random,NNSTD
148,0.5794939116745184,conv1,random,NNSTD
148,0.767430607583627,conv2,random,NNSTD
148,0.9440773298431732,dense1,random,NNSTD
148,0.8481684786464083,dense2,random,NNSTD
148,0.9501326100421407,dense3,random,NNSTD
149,0.5684309231414011,conv1,random,NNSTD
149,0.7684222189091775,conv2,random,NNSTD
149,0.9443029728485468,dense1,random,NNSTD
149,0.8453907403345755,dense2,random,NNSTD
149,0.9534679976143391,dense3,random,NNSTD
150,0.5745670752697165,conv1,random,NNSTD
150,0.7696666567224557,conv2,random,NNSTD
150,0.9442268530522193,dense1,random,NNSTD
150,0.8466653871590573,dense2,random,NNSTD
150,0.9552833290740267,dense3,random,NNSTD
151,0.5727035819062474,conv1,mixed,NNSTD
151,0.7697848881290161,conv2,mixed,NNSTD
151,0.9461508595063282,dense1,mixed,NNSTD
151,0.8482711364296508,dense2,mixed,NNSTD
151,0.9552498294629711,dense3,mixed,NNSTD
152,0.6036643835127291,conv1,mixed,NNSTD
152,0.7715068505387697,conv2,mixed,NNSTD
152,0.9461947059232315,dense1,mixed,NNSTD
152,0.8520106427644843,dense2,mixed,NNSTD
152,0.9645129870129872,dense3,mixed,NNSTD
153,0.5868577896266315,conv1,mixed,NNSTD
153,0.771970092824736,conv2,mixed,NNSTD
153,0.9464135494104828,dense1,mixed,NNSTD
153,0.8473381541145353,dense2,mixed,NNSTD
153,0.9624509952760846,dense3,mixed,NNSTD
154,0.5802064049802536,conv1,mixed,NNSTD
154,0.7737997082252108,conv2,mixed,NNSTD
154,0.9462406940629415,dense1,mixed,NNSTD
154,0.8515799772288337,dense2,mixed,NNSTD
154,0.9548948112954037,dense3,mixed,NNSTD
155,0.5871563317734467,conv1,mixed,NNSTD
155,0.7725021315358731,conv2,mixed,NNSTD
155,0.9461080847241901,dense1,mixed,NNSTD
155,0.8491441748985167,dense2,mixed,NNSTD
155,0.9649253514809386,dense3,mixed,NNSTD
156,0.5959496794055618,conv1,mixed,NNSTD
156,0.7733689917827402,conv2,mixed,NNSTD
156,0.9460138622808268,dense1,mixed,NNSTD
156,0.8494666911667587,dense2,mixed,NNSTD
156,0.958539931580213,dense3,mixed,NNSTD
157,0.5918892968755101,conv1,mixed,NNSTD
157,0.7723598725038892,conv2,mixed,NNSTD
157,0.9460742615743895,dense1,mixed,NNSTD
157,0.8518089095201518,dense2,mixed,NNSTD
157,0.9701418697751285,dense3,mixed,NNSTD
158,0.5844952127121245,conv1,mixed,NNSTD
158,0.7733236856864665,conv2,mixed,NNSTD
158,0.9462845502116451,dense1,mixed,NNSTD
158,0.8487674064399381,dense2,mixed,NNSTD
158,0.9659238694294489,dense3,mixed,NNSTD
159,0.5895236031839892,conv1,mixed,NNSTD
159,0.772439905602607,conv2,mixed,NNSTD
159,0.946517807805848,dense1,mixed,NNSTD
159,0.8496804870370182,dense2,mixed,NNSTD
159,0.9507068816746116,dense3,mixed,NNSTD
160,0.5893967297000384,conv1,mixed,NNSTD
160,0.7713876611203992,conv2,mixed,NNSTD
160,0.9463979915241134,dense1,mixed,NNSTD
160,0.8490368149709975,dense2,mixed,NNSTD
160,0.9647851124446868,dense3,mixed,NNSTD
161,0.5947346758123413,conv1,mixed,NNSTD
161,0.7725212521320391,conv2,mixed,NNSTD
161,0.9462015602989323,dense1,mixed,NNSTD
161,0.8501089020105145,dense2,mixed,NNSTD
161,0.9490585479571173,dense3,mixed,NNSTD
162,0.5925881032371696,conv1,mixed,NNSTD
162,0.7712141713305742,conv2,mixed,NNSTD
162,0.9463304014985061,dense1,mixed,NNSTD
162,0.8489516159566123,dense2,mixed,NNSTD
162,0.9400438982458267,dense3,mixed,NNSTD
163,0.5998163988386269,conv1,mixed,NNSTD
163,0.7728262824183982,conv2,mixed,NNSTD
163,0.9462989850496298,dense1,mixed,NNSTD
163,0.8484163722331843,dense2,mixed,NNSTD
163,0.9498645340580703,dense3,mixed,NNSTD
164,0.6149206887373247,conv1,mixed,NNSTD
164,0.7724545215321512,conv2,mixed,NNSTD
164,0.9462441259434753,dense1,mixed,NNSTD
164,0.8494105195750419,dense2,mixed,NNSTD
164,0.9576719120855687,dense3,mixed,NNSTD
165,0.5917200790937004,conv1,mixed,NNSTD
165,0.7705441978011888,conv2,mixed,NNSTD
165,0.9459488396418,dense1,mixed,NNSTD
165,0.8481866247455357,dense2,mixed,NNSTD
165,0.9459319748822251,dense3,mixed,NNSTD
166,0.5878827527150138,conv1,mixed,NNSTD
166,0.7723503194214575,conv2,mixed,NNSTD
166,0.9458511613616173,dense1,mixed,NNSTD
166,0.8478357979076656,dense2,mixed,NNSTD
166,0.9520975571490874,dense3,mixed,NNSTD
167,0.6115232844667587,conv1,mixed,NNSTD
167,0.773579618399069,conv2,mixed,NNSTD
167,0.9459263853192885,dense1,mixed,NNSTD
167,0.849574376392191,dense2,mixed,NNSTD
167,0.9528758774239405,dense3,mixed,NNSTD
168,0.5837327588186237,conv1,mixed,NNSTD
168,0.7712025410493661,conv2,mixed,NNSTD
168,0.9457598248557989,dense1,mixed,NNSTD
168,0.8490107700205293,dense2,mixed,NNSTD
168,0.9604214410187156,dense3,mixed,NNSTD
169,0.5890356745480827,conv1,mixed,NNSTD
169,0.7716601335404217,conv2,mixed,NNSTD
169,0.9463052466156237,dense1,mixed,NNSTD
169,0.8524840260909571,dense2,mixed,NNSTD
169,0.9309958153735621,dense3,mixed,NNSTD
170,0.5953705202713523,conv1,mixed,NNSTD
170,0.772221398505845,conv2,mixed,NNSTD
170,0.9463208968567848,dense1,mixed,NNSTD
170,0.8481681418547256,dense2,mixed,NNSTD
170,0.9531095256646089,dense3,mixed,NNSTD
171,0.5757912009865135,conv1,mixed,NNSTD
171,0.7723979671127126,conv2,mixed,NNSTD
171,0.9457476739263289,dense1,mixed,NNSTD
171,0.8508371846277387,dense2,mixed,NNSTD
171,0.9584442151772062,dense3,mixed,NNSTD
172,0.5946056458349657,conv1,mixed,NNSTD
172,0.7709686973680508,conv2,mixed,NNSTD
172,0.9456116367094394,dense1,mixed,NNSTD
172,0.8498826363518719,dense2,mixed,NNSTD
172,0.9479104058148093,dense3,mixed,NNSTD
173,0.5906270672240341,conv1,mixed,NNSTD
173,0.7743418828018066,conv2,mixed,NNSTD
173,0.9456750472569448,dense1,mixed,NNSTD
173,0.8487085775769516,dense2,mixed,NNSTD
173,0.9612539937801262,dense3,mixed,NNSTD
174,0.6021344056270527,conv1,mixed,NNSTD
174,0.7724754945792915,conv2,mixed,NNSTD
174,0.9456788747642769,dense1,mixed,NNSTD
174,0.8496023555576349,dense2,mixed,NNSTD
174,0.9676903739374365,dense3,mixed,NNSTD
175,0.5994433224557305,conv1,mixed,NNSTD
175,0.7724371642712746,conv2,mixed,NNSTD
175,0.9463640512386138,dense1,mixed,NNSTD
175,0.8478298754691258,dense2,mixed,NNSTD
175,0.9643876357560568,dense3,mixed,NNSTD
176,0.5947668842085203,conv1,mixed,NNSTD
176,0.77166423016612,conv2,mixed,NNSTD
176,0.9462152320965334,dense1,mixed,NNSTD
176,0.8471498119558796,dense2,mixed,NNSTD
176,0.9627009533620574,dense3,mixed,NNSTD
177,0.5947927506521257,conv1,mixed,NNSTD
177,0.7710009340152739,conv2,mixed,NNSTD
177,0.9461091903875568,dense1,mixed,NNSTD
177,0.8485170099863446,dense2,mixed,NNSTD
177,0.9428658931925179,dense3,mixed,NNSTD
178,0.599159867909868,conv1,mixed,NNSTD
178,0.772552320455913,conv2,mixed,NNSTD
178,0.9462626803949802,dense1,mixed,NNSTD
178,0.8517979056400868,dense2,mixed,NNSTD
178,0.9628578700657693,dense3,mixed,NNSTD
179,0.5874130426864803,conv1,mixed,NNSTD
179,0.7719605227929403,conv2,mixed,NNSTD
179,0.9462416535974033,dense1,mixed,NNSTD
179,0.8478166244592266,dense2,mixed,NNSTD
179,0.9392371078933539,dense3,mixed,NNSTD
180,0.6020512595795587,conv1,mixed,NNSTD
180,0.772717952482205,conv2,mixed,NNSTD
180,0.9463036514584255,dense1,mixed,NNSTD
180,0.8493675423140117,dense2,mixed,NNSTD
180,0.9232021349058762,dense3,mixed,NNSTD
